variant,symbol,signal_date,entry_date,exit_date,entry,exit,qty,notional_usd,equity_before,equity_after,pnl_usd,stop,target,risk_pct,target_pct,pnl_pct,r_multiple,mfe_r,mae_r,duration_days,exit_reason,atr_pct_at_entry,tp_atr_multiple,entry_cost_bps,exit_cost_bps,signal_score,signal_rsi,signal_chg5_pct,signal_vol_spike,signal_adx,signal_extension_sma20_pct,kill_switch_after_trade
actual_2R,ACHR,2025-12-03,2025-12-04,2025-12-11,8.3208,8.3291,0.915302,7.616,21.76,21.7677,0.0077,7.6551,9.6521,8.0,16.0,0.1007,0.0126,1.1106,-0.1363,7,stagnation,6.6804,2.3951,25.0,25.0,61.1436,46.6063,13.1436,0.7305,47.5927,5.2831,False
actual_2R,CDE,2025-12-11,2025-12-12,2025-12-12,18.1068,16.6333,0.420763,7.6187,21.7677,21.1477,-0.62,16.6583,21.0039,8.0,16.0,-8.138,-1.0172,0.0364,-1.0393,0,stop,5.1817,3.0878,15.0,15.0,50.5714,73.385,8.5714,1.7416,29.2766,12.3502,False
actual_2R,CDE,2025-12-15,2025-12-16,2025-12-22,16.8463,19.5124,0.439364,7.4017,21.1477,22.319,1.1714,15.4986,19.5418,8.0,16.0,15.826,1.9783,2.1233,-0.419,6,take_profit,6.1835,2.5875,15.0,15.0,48.4797,63.9232,10.4507,1.041,34.3628,7.2255,False
actual_2R,HUT,2025-12-23,2025-12-24,2025-12-30,51.8076,47.5915,0.150782,7.8117,22.319,21.6833,-0.6357,47.663,60.0968,8.0,16.0,-8.138,-1.0172,0.5,-1.3482,6,stop,9.706,1.6485,15.0,15.0,57.1278,65.9738,42.3881,1.4711,17.5602,22.9093,False
actual_2R,LI,2025-12-31,2026-01-02,2026-01-06,17.356,17.6235,0.437265,7.5892,21.6833,21.8003,0.117,15.9675,20.133,8.0,16.0,1.5414,0.1927,0.1181,-0.386,4,stagnation,2.8644,5.5858,15.0,15.0,45.4693,46.4286,1.438,1.7656,23.7496,-0.8114,False
actual_2R,OPEN,2026-01-06,2026-01-07,2026-01-07,6.9173,6.348,1.103055,7.6301,21.8003,21.1724,-0.628,6.3639,8.024,8.0,16.0,-8.23,-1.0287,0.0,-1.6214,0,stop,5.3169,3.0093,25.0,25.0,63.0,57.931,18.8679,1.2755,23.6877,7.5836,False
actual_2R,JOBY,2026-01-08,2026-01-09,2026-01-13,15.4431,14.1864,0.479846,7.4103,21.1724,20.5693,-0.6031,14.2077,17.914,8.0,16.0,-8.138,-1.0172,0.4588,-1.0467,4,stop,5.6303,2.8417,15.0,15.0,59.0707,63.9836,15.5303,1.7183,23.181,5.3177,True
tp_1_5R,ACHR,2025-12-03,2025-12-04,2025-12-11,8.3208,8.3291,0.915302,7.616,21.76,21.7677,0.0077,7.6551,9.3192,8.0,12.0,0.1007,0.0126,1.1106,-0.1363,7,stagnation,6.6804,1.7963,25.0,25.0,61.1436,46.6063,13.1436,0.7305,47.5927,5.2831,False
tp_1_5R,CDE,2025-12-11,2025-12-12,2025-12-12,18.1068,16.6333,0.420763,7.6187,21.7677,21.1477,-0.62,16.6583,20.2796,8.0,12.0,-8.138,-1.0172,0.0364,-1.0393,0,stop,5.1817,2.3159,15.0,15.0,50.5714,73.385,8.5714,1.7416,29.2766,12.3502,False
tp_1_5R,CDE,2025-12-15,2025-12-16,2025-12-22,16.8463,18.8396,0.439364,7.4017,21.1477,22.0234,0.8758,15.4986,18.8679,8.0,12.0,11.832,1.479,2.1233,-0.419,6,take_profit,6.1835,1.9407,15.0,15.0,48.4797,63.9232,10.4507,1.041,34.3628,7.2255,False
tp_1_5R,HUT,2025-12-23,2025-12-24,2025-12-30,51.8076,47.5915,0.148785,7.7082,22.0234,21.3961,-0.6273,47.663,58.0245,8.0,12.0,-8.138,-1.0172,0.5,-1.3482,6,stop,9.706,1.2364,15.0,15.0,57.1278,65.9738,42.3881,1.4711,17.5602,22.9093,False
tp_1_5R,LI,2025-12-31,2026-01-02,2026-01-06,17.356,17.6235,0.431473,7.4886,21.3961,21.5116,0.1154,15.9675,19.4387,8.0,12.0,1.5414,0.1927,0.1181,-0.386,4,stagnation,2.8644,4.1894,15.0,15.0,45.4693,46.4286,1.438,1.7656,23.7496,-0.8114,False
tp_1_5R,OPEN,2026-01-06,2026-01-07,2026-01-07,6.9173,6.348,1.088445,7.529,21.5116,20.8919,-0.6196,6.3639,7.7473,8.0,12.0,-8.23,-1.0287,0.0,-1.6214,0,stop,5.3169,2.2569,25.0,25.0,63.0,57.931,18.8679,1.2755,23.6877,7.5836,False
tp_1_5R,JOBY,2026-01-08,2026-01-09,2026-01-13,15.4431,14.1864,0.47349,7.3122,20.8919,20.2969,-0.5951,14.2077,17.2963,8.0,12.0,-8.138,-1.0172,0.4588,-1.0467,4,stop,5.6303,2.1313,15.0,15.0,59.0707,63.9836,15.5303,1.7183,23.181,5.3177,True
be_tras_1R,ACHR,2025-12-03,2025-12-04,2025-12-04,8.3208,8.2999,0.915302,7.616,21.76,21.741,-0.019,7.6551,9.6521,8.0,16.0,-0.25,-0.0312,1.1106,-0.1363,0,stop_trailing,6.6804,2.3951,25.0,25.0,61.1436,46.6063,13.1436,0.7305,47.5927,5.2831,False
be_tras_1R,FCEL,2025-12-05,2025-12-08,2025-12-16,8.5313,8.1995,0.891934,7.6093,21.741,21.445,-0.296,7.8488,9.8963,8.0,16.0,-3.8895,-0.4862,0.8626,-0.6319,8,time_stop,7.0246,2.2777,25.0,25.0,64.8461,64.6799,24.7392,1.5734,29.1395,20.7618,False
be_tras_1R,ABEV,2025-12-16,2025-12-17,2025-12-22,2.5099,2.301,2.99047,7.5057,21.445,20.8204,-0.6246,2.3091,2.9115,8.0,16.0,-8.322,-1.0402,0.0058,-1.2299,5,stop,2.4574,6.511,35.0,35.0,47.6945,54.1666,3.2389,1.5496,17.2524,1.2306,False
be_tras_1R,HUT,2025-12-23,2025-12-24,2025-12-30,51.8076,47.5915,0.140658,7.2871,20.8204,20.2273,-0.593,47.663,60.0968,8.0,16.0,-8.138,-1.0172,0.5,-1.3482,6,stop,9.706,1.6485,15.0,15.0,57.1278,65.9738,42.3881,1.4711,17.5602,22.9093,True
adx25_2R,ACHR,2025-12-03,2025-12-04,2025-12-11,8.3208,8.3291,0.915302,7.616,21.76,21.7677,0.0077,7.6551,9.6521,8.0,16.0,0.1007,0.0126,1.1106,-0.1363,7,stagnation,6.6804,2.3951,25.0,25.0,61.1436,46.6063,13.1436,0.7305,47.5927,5.2831,False
adx25_2R,CDE,2025-12-11,2025-12-12,2025-12-12,18.1068,16.6333,0.420763,7.6187,21.7677,21.1477,-0.62,16.6583,21.0039,8.0,16.0,-8.138,-1.0172,0.0364,-1.0393,0,stop,5.1817,3.0878,15.0,15.0,50.5714,73.385,8.5714,1.7416,29.2766,12.3502,False
adx25_2R,CDE,2025-12-15,2025-12-16,2025-12-22,16.8463,19.5124,0.439364,7.4017,21.1477,22.319,1.1714,15.4986,19.5418,8.0,16.0,15.826,1.9783,2.1233,-0.419,6,take_profit,6.1835,2.5875,15.0,15.0,48.4797,63.9232,10.4507,1.041,34.3628,7.2255,False
adx25_2R,LUNR,2025-12-23,2025-12-24,2025-12-26,16.9654,15.5848,0.460447,7.8117,22.319,21.6833,-0.6357,15.6082,19.6799,8.0,16.0,-8.138,-1.0172,0.3939,-1.3523,2,stop,8.0706,1.9825,15.0,15.0,47.9215,76.8968,53.154,1.9005,53.8282,43.3098,False
adx25_2R,NIO,2025-12-29,2025-12-30,2025-12-31,5.5538,5.0968,1.36647,7.5892,21.6833,21.0587,-0.6246,5.1095,6.4425,8.0,16.0,-8.23,-1.0288,0.5315,-1.3591,1,stop,2.9066,5.5047,25.0,25.0,57.7199,59.8361,7.014,1.7853,31.9809,6.3639,False
adx25_2R,INTC,2026-01-02,2026-01-05,2026-01-14,41.6524,48.2443,0.176954,7.3706,21.0587,22.2252,1.1665,38.3202,48.3168,8.0,16.0,15.826,1.9783,2.205,-0.811,9,take_profit,3.4726,4.6075,15.0,15.0,55.6257,49.2705,8.9049,1.3734,43.3561,3.6152,False
adx25_2R,HL,2026-01-15,2026-01-16,2026-01-21,24.6217,28.5183,0.315934,7.7788,22.2252,23.4563,1.2311,22.6519,28.5611,8.0,16.0,15.826,1.9783,2.3811,-0.3028,5,take_profit,6.6973,2.389,15.0,15.0,52.9664,71.6119,20.0381,0.8402,27.6746,19.9924,False
adx25_2R,NU,2026-01-22,2026-01-23,2026-01-27,18.027,18.3325,0.455411,8.2097,23.4563,23.5954,0.1391,16.5848,20.9113,8.0,16.0,1.6945,0.2118,0.1616,-0.2198,4,stagnation,3.1592,5.0647,15.0,15.0,58.5814,64.5833,8.1731,1.6439,33.3296,5.3895,False
adx25_2R,CIFR,2026-01-27,2026-01-28,2026-01-29,18.9934,17.4478,0.434802,8.2584,23.5954,22.9233,-0.6721,17.474,22.0324,8.0,16.0,-8.138,-1.0172,0.205,-1.4995,1,stop,9.7052,1.6486,15.0,15.0,58.6317,55.7237,4.6317,1.4219,29.7707,9.7101,False
adx25_2R,VZ,2026-01-30,2026-02-02,2026-04-13,43.248,44.9872,0.185515,8.0232,22.9233,23.246,0.3226,39.7882,50.1677,8.0,16.0,4.0212,0.5027,1.9691,-0.2147,70,stop_trailing,1.9934,8.0264,15.0,15.0,54.6518,76.8362,12.6518,3.6056,31.9301,11.9959,False
adx25_2R,IONQ,2026-04-14,2026-04-15,2026-04-15,38.4175,38.9475,0.211781,8.1361,23.246,23.3582,0.1122,35.3441,44.5643,8.0,16.0,1.3794,0.1724,1.6016,-0.3116,0,stop_trailing,6.3475,2.5207,15.0,15.0,69.0,57.3558,25.5177,3.4339,34.0228,18.1114,False
adx25_2R,BIDU,2026-04-16,2026-04-17,2026-04-27,127.9917,128.5569,0.063874,8.1754,23.3582,23.3943,0.0361,117.7524,148.4704,8.0,16.0,0.4416,0.0552,0.0994,-0.7492,10,stagnation,3.1096,5.1454,15.0,15.0,56.3818,71.2838,15.5225,1.6535,29.1441,10.4949,False
adx25_2R,VZ,2026-04-27,2026-04-28,2026-05-04,47.2564,46.9479,0.173268,8.188,23.3943,23.3408,-0.0534,43.4759,54.8174,8.0,16.0,-0.6527,-0.0816,0.1113,-0.4687,6,stagnation,2.4439,6.5469,15.0,15.0,48.9736,45.2063,1.4212,1.4445,46.0599,0.0267,False
adx25_2R,BTBT,2026-05-04,2026-05-05,2026-05-11,1.726,1.9731,4.733026,8.1693,23.3408,24.5101,1.1693,1.5879,2.0022,8.0,16.0,14.3133,1.7892,3.4326,-0.4781,6,stop_trailing,5.8971,2.7132,35.0,35.0,54.6987,59.7701,7.6923,1.1771,33.2181,11.001,False
adx25_2R,FCEL,2026-05-12,2026-05-13,2026-05-13,17.6965,18.2156,0.48476,8.5785,24.5101,24.7618,0.2517,16.2808,20.5279,8.0,16.0,2.9335,0.3667,1.8178,-0.9864,0,stop_trailing,10.668,1.4998,15.0,15.0,60.2146,68.6926,26.1255,1.7484,65.1314,45.8316,False
adx25_2R,ASTS,2026-05-14,2026-05-15,2026-05-15,79.0684,77.4178,0.109609,8.6666,24.7618,24.5809,-0.1809,72.7429,91.7194,8.0,16.0,-2.0876,-0.2609,1.1194,-0.3144,0,stop_trailing,8.7027,1.8385,15.0,15.0,63.0,54.6412,27.0237,1.3316,33.1739,10.182,False
adx25_2R,ASTS,2026-05-18,2026-05-19,2026-05-19,85.5081,81.7322,0.100614,8.6033,24.5809,24.201,-0.3799,78.6674,99.1894,8.0,16.0,-4.4158,-0.552,0.7955,-1.0014,0,stop_trailing,8.6395,1.852,15.0,15.0,48.9615,60.8475,5.1847,1.2678,30.6142,14.9495,False
adx25_2R,AMC,2026-05-20,2026-05-21,2026-05-29,1.5153,1.6054,5.589931,8.4703,24.201,24.7045,0.5035,1.3941,1.7577,8.0,16.0,5.9445,0.7431,2.2662,-0.4561,8,stop_trailing,8.6735,1.8447,35.0,35.0,62.2857,50.0,14.2857,1.3099,26.7271,2.1162,False
adx25_2R,OPEN,2026-06-01,2026-06-02,2026-06-03,5.2782,5.0633,1.638178,8.6466,24.7045,24.3525,-0.352,4.8559,6.1227,8.0,16.0,-4.0706,-0.5088,0.8569,-1.1087,1,stop_trailing,6.2251,2.5702,25.0,25.0,60.3571,62.5,17.2185,1.2608,40.6438,10.775,False
adx25_2R,SPCE,2026-06-04,2026-06-05,2026-06-05,4.4656,4.3318,1.908687,8.5234,24.3525,24.0972,-0.2554,4.1083,5.1801,8.0,16.0,-2.996,-0.3745,1.0201,-0.7154,0,stop_trailing,23.2429,0.6884,35.0,35.0,58.1943,60.0877,4.1943,1.4988,56.7008,30.3867,False
adx25_2R,CLOV,2026-06-08,2026-06-09,2026-06-09,3.9337,3.982,2.144028,8.434,24.0972,24.2007,0.1035,3.619,4.5631,8.0,16.0,1.2277,0.1535,1.6088,-0.0436,0,stop_trailing,5.8178,2.7502,35.0,35.0,42.3499,62.9268,0.0,0.5116,59.1732,7.3678,False
adx25_2R,CLOV,2026-06-10,2026-06-11,2026-06-12,5.1328,4.7056,1.65022,8.4702,24.2007,23.4958,-0.7049,4.7222,5.954,8.0,16.0,-8.322,-1.0402,0.1149,-1.3706,1,stop,5.7529,2.7812,25.0,35.0,57.0,73.0496,33.9726,2.8063,57.0073,29.1601,False
adx25_2R,HL,2026-06-15,2026-06-16,2026-06-22,16.9221,15.545,0.485964,8.2235,23.4958,22.8266,-0.6692,15.5683,19.6297,8.0,16.0,-8.138,-1.0172,0.3358,-1.0822,6,stop,6.0307,2.6531,15.0,15.0,65.8872,44.8081,11.8872,1.7216,44.111,1.2907,False
adx25_2R,DNA,2026-06-23,2026-06-24,2026-06-26,9.0726,9.3815,0.880594,7.9893,22.8266,23.0986,0.272,8.3468,10.5242,8.0,16.0,3.4043,0.4255,1.8977,-0.2792,2,stop_trailing,8.6768,1.844,25.0,25.0,45.6638,44.3373,7.6549,0.7489,34.2659,2.4692,False
adx25_2R,ASTS,2026-06-29,2026-06-30,2026-07-02,82.0379,82.5096,0.098546,8.0845,23.0986,23.145,0.0465,75.4748,95.1639,8.0,16.0,0.575,0.0719,1.4897,-0.0286,2,stop_trailing,11.1621,1.4334,15.0,15.0,63.0,46.8791,18.5544,1.3362,43.089,-1.0785,False
adx25_2R,ACHR,2026-07-06,2026-07-07,2026-07-07,5.3133,4.8711,1.524635,8.1008,23.145,22.4709,-0.6741,4.8882,6.1634,8.0,16.0,-8.322,-1.0402,0.0865,-1.1369,0,stop,6.6975,2.3889,25.0,35.0,58.0983,55.5556,10.2669,0.8712,45.7693,3.2593,False
adx25_2R,PBR,2026-07-08,2026-07-09,2026-07-17,16.7933,17.2184,0.46833,7.8648,22.4709,22.6699,0.199,15.4499,19.4803,8.0,16.0,2.5309,0.3164,0.6321,-0.2935,8,stagnation,2.3801,6.7223,15.0,15.0,56.1646,53.1561,6.6832,1.6849,48.0009,1.8672,False
adx25_2R,RF,2026-07-17,2026-07-20,2026-07-28,31.2503,30.5439,0.253901,7.9345,22.6699,22.4906,-0.1794,28.7503,36.2504,8.0,16.0,-2.2607,-0.2826,0.0961,-0.581,8,time_stop,2.3125,6.9189,15.0,15.0,45.7161,63.0114,2.0309,1.8282,54.2513,4.1547,False
adx25_2R,AGNC,2026-07-28,2026-07-29,2026-08-06,10.6677,10.4029,0.737902,7.8717,22.4906,22.2952,-0.1954,9.8143,12.3745,8.0,16.0,-2.482,-0.3102,0.0152,-0.4521,8,time_stop,2.2696,7.0496,15.0,15.0,52.7315,53.0233,2.6902,1.6541,40.4203,0.8472,False
adx25_2R,LAZR,2026-08-06,2026-08-07,2026-08-18,45.3179,45.6694,0.172191,7.8033,22.2952,22.3557,0.0605,41.6924,52.5687,8.0,16.0,0.7757,0.097,1.5176,-0.5235,11,stop_trailing,6.4686,2.4735,15.0,15.0,64.3935,61.6616,22.7324,1.904,34.036,10.1309,False
adx25_2R,CAN,2026-08-19,2026-08-20,2026-08-20,0.2821,0.268,27.736639,7.8245,22.3557,21.964,-0.3918,0.2595,0.3272,8.0,16.0,-5.0071,-0.6259,0.7932,-1.0236,0,stop_trailing,10.1281,1.5798,75.0,75.0,63.0,49.0291,15.942,0.8593,35.3884,10.2435,False
adx25_2R,MARA,2026-08-21,2026-08-24,2026-08-25,11.1868,10.9186,0.687186,7.6874,21.964,21.7797,-0.1843,10.2918,12.9766,8.0,16.0,-2.3971,-0.2996,1.0763,-0.2869,1,stop_trailing,7.5089,2.1308,15.0,15.0,61.9866,46.1538,22.3913,2.1892,33.4284,7.3148,False
adx25_2R,BTBT,2026-08-26,2026-08-27,2026-08-28,1.5956,1.4628,4.777547,7.6229,21.7797,21.1453,-0.6344,1.4679,1.8509,8.0,16.0,-8.322,-1.0402,0.544,-1.3754,1,stop,9.0832,1.7615,35.0,35.0,50.1627,60.1036,11.4286,0.8953,29.8095,7.438,False
adx25_2R,HAL,2026-08-31,2026-09-01,2026-09-04,36.9242,36.8447,0.200434,7.4009,21.1453,21.1294,-0.0159,33.9703,42.8321,8.0,16.0,-0.2154,-0.0269,0.3845,-0.1673,3,stagnation,2.8844,5.547,15.0,15.0,46.2625,67.1541,6.4106,1.6308,33.3093,7.8431,False
adx25_2R,BIDU,2026-09-04,2026-09-08,2026-09-15,91.8976,91.173,0.080473,7.3953,21.1294,21.071,-0.0583,84.5458,106.6013,8.0,16.0,-0.7885,-0.0986,0.3023,-0.2826,7,stagnation,3.6003,4.4441,15.0,15.0,46.4896,42.6447,2.4197,0.7884,50.1398,1.8049,False
adx25_2R,SNAP,2026-09-15,2026-09-16,2026-09-23,5.8646,5.382,1.257517,7.3749,21.071,20.4641,-0.607,5.3955,6.803,8.0,16.0,-8.23,-1.0287,0.3738,-1.31,7,stop,5.3651,2.9822,25.0,25.0,47.1952,48.0349,7.3665,1.3301,29.1437,6.2899,True
stagnation_4d,ACHR,2025-12-03,2025-12-04,2025-12-11,8.3208,8.3291,0.915302,7.616,21.76,21.7677,0.0077,7.6551,9.6521,8.0,16.0,0.1007,0.0126,1.1106,-0.1363,7,stagnation,6.6804,2.3951,25.0,25.0,61.1436,46.6063,13.1436,0.7305,47.5927,5.2831,False
stagnation_4d,CDE,2025-12-11,2025-12-12,2025-12-12,18.1068,16.6333,0.420763,7.6187,21.7677,21.1477,-0.62,16.6583,21.0039,8.0,16.0,-8.138,-1.0172,0.0364,-1.0393,0,stop,5.1817,3.0878,15.0,15.0,50.5714,73.385,8.5714,1.7416,29.2766,12.3502,False
stagnation_4d,CDE,2025-12-15,2025-12-16,2025-12-22,16.8463,19.5124,0.439364,7.4017,21.1477,22.319,1.1714,15.4986,19.5418,8.0,16.0,15.826,1.9783,2.1233,-0.419,6,take_profit,6.1835,2.5875,15.0,15.0,48.4797,63.9232,10.4507,1.041,34.3628,7.2255,False
stagnation_4d,HUT,2025-12-23,2025-12-24,2025-12-30,51.8076,47.5915,0.150782,7.8117,22.319,21.6833,-0.6357,47.663,60.0968,8.0,16.0,-8.138,-1.0172,0.5,-1.3482,6,stop,9.706,1.6485,15.0,15.0,57.1278,65.9738,42.3881,1.4711,17.5602,22.9093,False
stagnation_4d,LI,2025-12-31,2026-01-02,2026-01-12,17.356,16.5801,0.437265,7.5892,21.6833,21.3441,-0.3393,15.9675,20.133,8.0,16.0,-4.4705,-0.5588,0.2766,-0.7966,10,time_stop,2.8644,5.5858,15.0,15.0,45.4693,46.4286,1.438,1.7656,23.7496,-0.8114,False
stagnation_4d,AMC,2026-01-12,2026-01-13,2026-01-14,1.7361,1.5916,4.303101,7.4704,21.3441,20.7224,-0.6217,1.5972,2.0138,8.0,16.0,-8.322,-1.0402,0.1724,-1.3396,1,stop,6.2951,2.5417,35.0,35.0,64.5597,48.5714,13.0719,1.9288,74.041,2.0047,False
stagnation_4d,HL,2026-01-15,2026-01-16,2026-01-21,24.6217,28.5183,0.294571,7.2528,20.7224,21.8702,1.1478,22.6519,28.5611,8.0,16.0,15.826,1.9783,2.3811,-0.3028,5,take_profit,6.6973,2.389,15.0,15.0,52.9664,71.6119,20.0381,0.8402,27.6746,19.9924,False
stagnation_4d,NU,2026-01-22,2026-01-23,2026-02-02,18.027,17.7134,0.424617,7.6546,21.8702,21.737,-0.1332,16.5848,20.9113,8.0,16.0,-1.7397,-0.2175,0.6608,-0.2198,10,time_stop,3.1592,5.0647,15.0,15.0,58.5814,64.5833,8.1731,1.6439,33.3296,5.3895,False
stagnation_4d,INTC,2026-02-02,2026-02-03,2026-02-10,50.1351,50.3344,0.151749,7.608,21.737,21.7673,0.0302,46.1243,58.1567,8.0,16.0,0.3975,0.0497,0.3378,-0.834,7,stagnation,7.4655,2.1432,15.0,15.0,59.9096,56.4979,14.8741,0.6871,50.1806,5.4907,False
stagnation_4d,SENS,2026-02-10,2026-02-11,2026-02-11,8.3208,7.636,0.915608,7.6185,21.7673,21.1403,-0.627,7.6551,9.6521,8.0,16.0,-8.23,-1.0287,0.2693,-1.3231,0,stop,6.2426,2.563,25.0,25.0,63.9851,63.1579,16.129,2.5232,24.674,13.1998,False
stagnation_4d,WULF,2026-02-12,2026-02-13,2026-02-13,16.4546,15.8073,0.449666,7.3991,21.1403,20.8492,-0.2911,15.1383,19.0874,8.0,16.0,-3.9344,-0.4918,0.8625,-0.9531,0,stop_trailing,10.7004,1.4953,15.0,15.0,54.2514,56.5954,33.4732,1.075,17.2532,10.9445,False
stagnation_4d,NOK,2026-02-17,2026-02-18,2026-03-13,7.3784,8.5375,0.988996,7.2972,20.8492,21.9956,1.1464,6.7881,8.5589,8.0,16.0,15.71,1.9638,2.1712,-0.1667,23,take_profit,3.8723,4.1319,25.0,25.0,51.512,56.9231,1.6713,1.7193,12.8508,6.9675,False
stagnation_4d,IREN,2026-03-16,2026-03-17,2026-03-19,43.8657,40.2959,0.1755,7.6984,21.9956,21.3691,-0.6265,40.3564,50.8842,8.0,16.0,-8.138,-1.0172,0.1209,-1.15,2,stop,8.4985,1.8827,15.0,15.0,63.0,49.1756,15.7055,1.1828,9.1479,8.1478,False
stagnation_4d,HAL,2026-03-20,2026-03-23,2026-04-08,36.2913,36.6794,0.206087,7.4792,21.3691,21.449,0.08,33.388,42.0979,8.0,16.0,1.0694,0.1337,1.5585,-0.1928,16,stop_trailing,3.3365,4.7955,15.0,15.0,53.3467,53.8574,8.4298,3.244,16.5633,3.6888,False
stagnation_4d,HUT,2026-04-09,2026-04-10,2026-04-13,64.5968,63.9479,0.116216,7.5072,21.449,21.3736,-0.0754,59.429,74.9322,8.0,16.0,-1.0044,-0.1256,1.27,-0.2645,3,stop_trailing,7.8267,2.0443,15.0,15.0,64.2395,64.9415,33.9105,1.8233,20.1081,24.5012,False
stagnation_4d,APLD,2026-04-14,2026-04-15,2026-04-23,31.4872,36.4703,0.237582,7.4808,21.3736,22.5575,1.1839,28.9682,36.5251,8.0,16.0,15.826,1.9783,2.2957,-0.8206,8,take_profit,8.6974,1.8396,15.0,15.0,69.0,59.4393,24.9801,1.7734,19.2491,20.7876,False
stagnation_4d,HAL,2026-04-24,2026-04-27,2026-05-08,40.0932,38.7459,0.19692,7.8951,22.5575,22.2922,-0.2653,36.8857,46.5081,8.0,16.0,-3.3604,-0.4201,0.6209,-0.5008,11,time_stop,3.5952,4.4504,15.0,15.0,50.4313,62.7766,8.6406,0.9445,20.0437,5.1905,False
stagnation_4d,IREN,2026-05-08,2026-05-11,2026-05-11,55.0525,55.4647,0.141725,7.8023,22.2922,22.3507,0.0584,50.6483,63.8608,8.0,16.0,0.7488,0.0936,1.5139,-0.6113,0,stop_trailing,8.7784,1.8227,15.0,15.0,68.6517,63.5182,34.0342,2.484,30.7029,23.6239,False
stagnation_4d,HL,2026-05-12,2026-05-13,2026-05-15,20.422,18.76,0.383055,7.8227,22.3507,21.714,-0.6366,18.7882,23.6895,8.0,16.0,-8.138,-1.0173,0.5319,-1.7685,2,stop,5.8421,2.7388,15.0,15.0,60.5162,60.441,20.6452,1.4251,18.8472,10.5646,False
stagnation_4d,RIG,2026-05-18,2026-05-19,2026-05-21,7.6591,7.0288,0.992273,7.5999,21.714,21.0886,-0.6255,7.0464,8.8846,8.0,16.0,-8.23,-1.0288,0.0015,-1.4184,2,stop,4.3273,3.6975,25.0,25.0,60.6705,65.737,15.7252,1.6402,18.9602,15.3905,False
stagnation_4d,IONQ,2026-05-22,2026-05-26,2026-06-04,64.3965,66.1856,0.114618,7.381,21.0886,21.2936,0.2051,59.2447,74.6999,8.0,16.0,2.7783,0.3473,1.7962,-0.9097,9,stop_trailing,8.8592,1.806,15.0,15.0,61.0,68.2588,22.5024,1.5413,34.323,25.5499,False
stagnation_4d,KEY,2026-06-05,2026-06-08,2026-08-20,21.6157,21.7982,0.344786,7.4528,21.2936,21.3566,0.0629,19.8864,25.0742,8.0,16.0,0.8443,0.1055,1.2873,-0.0875,73,stagnation,1.8902,8.4647,15.0,15.0,43.4418,63.0609,3.0265,1.1355,24.993,3.0055,False
stagnation_4d,MARA,2026-08-20,2026-08-21,2026-08-21,11.7175,11.2062,0.637915,7.4748,21.3566,21.0303,-0.3262,10.7801,13.5924,8.0,16.0,-4.3643,-0.5455,0.8027,-0.7441,0,stop_trailing,6.8518,2.3352,15.0,15.0,69.0,48.7294,21.0641,1.7766,32.8881,5.8327,False
stagnation_4d,VALE,2026-08-24,2026-08-25,2026-09-01,15.0325,14.9675,0.489647,7.3606,21.0303,20.9985,-0.0318,13.8299,17.4377,8.0,16.0,-0.4324,-0.054,0.3222,-0.1185,7,stagnation,2.5382,6.3037,15.0,15.0,58.4661,60.0319,9.3818,1.995,26.766,5.7199,False
stagnation_4d,RIG,2026-09-01,2026-09-02,2026-09-10,5.8747,5.8254,1.25105,7.3495,20.9985,20.9369,-0.0616,5.4047,6.8146,8.0,16.0,-0.8383,-0.1048,0.8412,-0.3929,8,time_stop,3.4409,4.6499,25.0,25.0,44.8498,59.6491,2.9565,0.9247,51.2266,3.7504,False
stagnation_4d,CLSK,2026-09-10,2026-09-11,2026-09-14,12.9895,12.6081,0.564143,7.3279,20.9369,20.7217,-0.2152,11.9503,15.0678,8.0,16.0,-2.9362,-0.367,1.0013,-0.394,3,stop_trailing,7.0832,2.2589,15.0,15.0,49.36,51.2788,12.9744,0.7317,17.8164,4.7892,False
stagnation_4d,RIG,2026-09-15,2026-09-16,2026-09-22,5.8847,5.4004,1.232457,7.2526,20.7217,20.1248,-0.5969,5.4139,6.8262,8.0,16.0,-8.23,-1.0287,0.1388,-1.1357,6,stop,4.5275,3.534,25.0,25.0,57.125,54.4186,3.125,1.7172,22.6442,2.0882,True
