variant,sample,symbol,signal_date,entry_date,exit_date,qty,entry,exit,notional_usd,equity_before,equity_after,fee_usd,pnl_usd,pnl_pct,r_multiple,gross_r_multiple,stop,target,mfe_r,mae_r,duration_days,exit_reason,stop_gap,tp_gap,proposed_brake_after_trade,session_brake_after_trade,atr_pct_at_entry,tp_atr_multiple,signal_score,signal_rsi,signal_chg5_pct,signal_vol_spike,signal_adx,signal_extension_sma20_pct
actual_eod,in_sample,WULF,2024-03-21,2024-03-22,2024-03-22,2,2.3281,2.4514,4.6562,21.76,21.9765,0.03,0.2165,4.6505,0.5813,0.6619,2.1419,2.7006,1.4598,-0.4731,0,asegurar_ganancia,False,False,False,False,10.4008,1.5383,63.1459,59.0164,42.515,1.745,13.4644,22.0826
actual_eod,in_sample,MVST,2024-03-25,2024-03-26,2024-03-26,6,0.801,0.8337,4.8058,21.9765,22.143,0.03,0.1664,3.463,0.4329,0.5109,0.7369,0.9291,1.2335,-0.53,0,asegurar_ganancia,False,False,False,False,9.6491,1.6582,59.3537,51.7745,41.5129,0.7584,39.5677,7.1753
actual_eod,in_sample,MVST,2024-03-27,2024-03-28,2024-04-01,6,0.8423,0.8468,5.0536,22.143,22.1302,0.04,-0.0128,-0.2536,-0.0317,0.0672,0.7749,0.977,1.5691,-0.6125,4,stop_trailing,False,False,False,False,9.778,1.6363,55.1191,63.9839,15.2055,0.5543,35.7838,17.2698
actual_eod,in_sample,HL,2024-04-02,2024-04-03,2024-04-03,1,4.9938,5.399,4.9938,22.1302,22.5054,0.03,0.3752,7.5139,0.9392,1.0143,4.5943,5.7928,1.073,-0.2173,0,asegurar_ganancia,False,False,False,False,4.2679,3.7489,49.444,71.7391,18.0751,1.2499,61.4477,16.1979
actual_eod,in_sample,HL,2024-04-04,2024-04-05,2024-04-05,1,5.277,5.4682,5.277,22.5054,22.6666,0.03,0.1612,3.0552,0.3819,0.453,4.8548,6.1213,0.6028,-0.1955,0,asegurar_ganancia,False,False,False,False,4.5622,3.5071,46.4359,74.0385,18.4855,1.4213,60.5772,18.7528
actual_eod,in_sample,BB,2024-04-08,2024-04-09,2024-04-09,1,3.0406,3.0891,3.0406,22.6666,22.6851,0.03,0.0185,0.6099,0.0762,0.1996,2.7974,3.5271,0.7375,-0.0847,0,asegurar_ganancia,False,False,False,False,4.8393,3.3063,48.7943,60.3604,6.6667,0.3854,14.376,2.7287
actual_eod,in_sample,GRAB,2024-04-10,2024-04-11,2024-04-11,1,3.3115,3.3781,3.3115,22.6851,22.7217,0.03,0.0366,1.1048,0.1381,0.2513,3.0466,3.8414,0.3527,-0.0813,0,asegurar_ganancia,False,False,False,False,2.5236,6.3401,44.3118,60.3175,3.096,0.7737,13.0444,3.7706
actual_eod,in_sample,GRAB,2024-04-12,2024-04-15,2024-04-18,1,3.3316,3.3781,3.3316,22.7217,22.7282,0.04,0.0065,0.1956,0.0244,0.1745,3.0651,3.8647,0.3316,-0.4938,3,asegurar_ganancia,False,False,False,False,2.562,6.245,41.0079,65.0,2.7778,0.8169,12.2415,3.368
actual_eod,in_sample,AMC,2024-04-19,2024-04-22,2024-04-22,1,3.2112,3.408,3.2112,22.7282,22.8951,0.03,0.1668,5.1953,0.6494,0.7662,2.9543,3.725,1.0853,-0.8221,0,asegurar_ganancia,False,False,False,False,6.8288,2.343,69.0,50.6494,19.2453,1.481,62.836,-1.2808
actual_eod,in_sample,CIFR,2024-04-23,2024-04-24,2024-04-25,1,4.7867,4.3049,4.7867,22.8951,22.3733,0.04,-0.5218,-10.9014,-1.3627,-1.2582,4.4038,5.5526,0.557,-1.5582,1,stop_gap,True,False,False,False,8.7146,1.836,60.4825,57.8231,43.1548,0.9696,28.7461,12.6134
actual_eod,in_sample,JOBY,2024-04-26,2024-04-29,2024-05-02,1,5.3634,5.3666,5.3634,22.3733,22.3364,0.04,-0.0368,-0.6866,-0.0858,0.0074,4.9343,6.2215,0.2369,-0.8702,3,asegurar_ganancia,False,False,False,False,4.0579,3.9429,65.902,63.75,17.8414,1.4657,37.3511,10.6172
actual_eod,in_sample,OPEN,2024-05-03,2024-05-06,2024-05-06,2,2.2679,2.3418,4.5358,22.3364,22.4542,0.03,0.1177,2.5956,0.3244,0.4071,2.0865,2.6308,0.5627,-0.2641,0,asegurar_ganancia,False,False,False,False,7.4801,2.139,57.271,51.4084,3.271,3.0488,33.1339,-0.9635
actual_eod,in_sample,CLOV,2024-05-07,2024-05-08,2024-05-08,6,0.8906,0.8132,5.3438,22.4542,21.9598,0.03,-0.4944,-9.2514,-1.1564,-1.0862,0.8194,1.0331,0.1315,-1.2299,0,stop,False,False,False,False,4.4591,3.5882,51.7778,73.9837,17.4603,1.7416,46.6378,11.6139
actual_eod,in_sample,OPEN,2024-05-09,2024-05-10,2024-05-13,2,2.3281,2.4713,4.6562,21.9598,22.2062,0.04,0.2464,5.2918,0.6615,0.7689,2.1419,2.7006,0.9765,-0.4731,3,asegurar_ganancia,False,False,False,False,8.023,1.9943,61.3005,55.3719,13.3005,1.322,34.9561,6.211
actual_eod,in_sample,BBAI,2024-05-14,2024-05-15,2024-05-16,3,1.6959,1.5548,5.0877,22.2062,21.7428,0.04,-0.4634,-9.1082,-1.1385,-1.0402,1.5602,1.9673,0.1038,-1.2229,1,stop,False,False,False,False,7.4128,2.1584,62.7838,46.0,8.7838,1.5937,10.3577,1.4493
actual_eod,in_sample,AMC,2024-05-17,2024-05-20,2024-05-20,1,4.3652,4.8131,4.3652,21.7428,22.1607,0.03,0.4179,9.5727,1.1966,1.2825,4.016,5.0637,1.6173,-0.1295,0,asegurar_ganancia,False,False,False,False,25.4937,0.6276,50.0,59.4483,51.2027,0.9883,35.3914,18.391
actual_eod,in_sample,CAN,2024-05-21,2024-05-22,2024-05-23,4,1.0938,1.0314,4.3753,22.1607,21.8709,0.04,-0.2898,-6.6225,-0.8278,-0.7135,1.0063,1.2688,0.6421,-1.0721,1,stop_trailing,False,False,False,False,11.2842,1.4179,49.2402,60.4124,14.2402,1.0477,37.6409,11.7057
actual_eod,in_sample,BTBT,2024-05-24,2024-05-28,2024-05-28,2,2.5288,2.5211,5.0576,21.8709,21.8256,0.03,-0.0454,-0.8967,-0.1121,-0.0379,2.3265,2.9334,0.7967,-0.2907,0,asegurar_ganancia,False,False,False,False,8.0359,1.9911,60.8823,57.0552,16.129,0.9319,18.519,10.4053
actual_eod,in_sample,WULF,2024-05-29,2024-05-30,2024-05-30,2,2.2579,2.272,4.5158,21.8256,21.8238,0.03,-0.0017,-0.0379,-0.0047,0.0783,2.0772,2.6191,0.6207,-0.099,0,asegurar_ganancia,False,False,False,False,9.1426,1.75,57.8039,46.8532,9.8039,1.3821,17.1638,3.6557
actual_eod,in_sample,WULF,2024-05-31,2024-06-03,2024-06-03,2,2.2579,2.07,4.5158,21.8238,21.418,0.03,-0.4058,-8.9863,-1.1233,-1.0402,2.0772,2.6191,0.2332,-1.2062,0,stop,False,False,False,False,8.9528,1.7872,51.1618,48.227,9.5477,1.5151,17.2706,0.484
actual_eod,in_sample,MVST,2024-06-04,2024-06-05,2024-06-05,12,0.3849,0.3901,4.6184,21.418,21.4503,0.03,0.0323,0.6983,0.0873,0.1685,0.3541,0.4464,0.7189,-0.158,0,asegurar_ganancia,False,False,False,False,9.2983,1.7208,61.0,39.916,18.1818,2.617,23.8501,-0.3195
actual_eod,in_sample,CIFR,2024-06-06,2024-06-07,2024-06-10,1,4.1244,3.976,4.1244,21.4503,21.2619,0.04,-0.1884,-4.5667,-0.5708,-0.4496,3.7944,4.7843,1.3505,-0.4679,3,stop_trailing_gap,True,False,False,False,7.6462,2.0926,57.0412,51.087,9.3085,1.9066,8.5891,5.0882
actual_eod,in_sample,MVST,2024-06-11,2024-06-12,2024-06-12,8,0.4413,0.4665,3.5303,21.2619,21.4335,0.03,0.1715,4.8585,0.6073,0.7135,0.406,0.5119,0.9834,-0.2064,0,asegurar_ganancia,False,False,False,False,9.3882,1.7043,60.8205,57.2881,12.8205,0.8575,11.924,14.4641
actual_eod,in_sample,MVST,2024-06-13,2024-06-14,2024-06-17,11,0.4383,0.4585,4.8209,21.4335,21.6165,0.04,0.183,3.7959,0.4745,0.5782,0.4032,0.5084,0.7911,-0.6635,3,asegurar_ganancia,False,False,False,False,10.0233,1.5963,50.0,58.3578,18.8011,0.5835,10.0987,12.6761
actual_eod,in_sample,APLD,2024-06-18,2024-06-20,2024-06-20,1,5.223,6.0436,5.223,21.6165,22.407,0.03,0.7905,15.1356,1.892,1.9638,4.8052,6.0587,2.3022,-0.079,0,take_profit,False,False,False,False,8.8865,1.8005,56.0,60.7792,24.6377,1.8861,24.6189,15.6562
actual_eod,in_sample,CLOV,2024-06-21,2024-06-24,2024-07-01,4,1.3246,1.2144,5.2985,22.407,21.9261,0.04,-0.4809,-9.0769,-1.1346,-1.0402,1.2187,1.5366,0.3339,-1.3647,7,stop,False,False,False,False,8.1155,1.9715,69.0,59.3985,21.3592,4.0125,22.639,15.8749
actual_eod,in_sample,AMC,2024-07-02,2024-07-03,2024-07-08,1,5.2631,5.4563,5.2631,21.9261,22.0793,0.04,0.1532,2.9108,0.3639,0.4589,4.8421,6.1052,1.1088,-0.7437,5,asegurar_ganancia,False,False,False,False,6.9622,2.2981,58.373,49.7487,15.011,0.5708,37.3826,5.7117
actual_eod,in_sample,CLOV,2024-07-09,2024-07-10,2024-07-10,4,1.3347,1.3353,5.3386,22.0793,22.0519,0.03,-0.0274,-0.5129,-0.0641,0.0061,1.2279,1.5482,0.2374,-0.2309,0,asegurar_ganancia,False,False,False,False,7.0644,2.2649,52.4185,63.7681,11.6667,0.4711,28.2664,13.0039
actual_eod,in_sample,OPEN,2024-07-11,2024-07-12,2024-07-12,2,2.1676,2.2521,4.3351,22.0519,22.1909,0.03,0.1391,3.2077,0.401,0.4875,1.9942,2.5144,0.7638,-0.2166,0,asegurar_ganancia,False,False,False,False,5.8987,2.7125,68.4444,63.2911,14.4444,1.5889,26.0555,8.307
actual_eod,in_sample,CAN,2024-07-15,2024-07-16,2024-07-16,4,1.1741,1.2058,4.6964,22.1909,22.2876,0.03,0.0967,2.0586,0.2573,0.3372,1.0802,1.362,0.8081,-0.3098,0,asegurar_ganancia,False,False,False,False,6.6373,2.4106,55.0,69.3133,16.3462,1.2051,19.3213,13.8449
actual_eod,in_sample,CAN,2024-07-17,2024-07-18,2024-07-23,4,1.2142,1.1132,4.8569,22.2876,21.8434,0.04,-0.4442,-9.1456,-1.1432,-1.0402,1.1171,1.4085,0.5741,-1.4848,5,stop,False,False,False,False,7.0944,2.2553,53.8264,68.7794,19.6078,1.4848,22.4275,13.7688
actual_eod,in_sample,BBAI,2024-07-24,2024-07-25,2024-07-25,3,1.4952,1.5346,4.4856,21.8434,21.9316,0.03,0.0882,1.9659,0.2457,0.3293,1.3756,1.7344,0.3744,-0.4616,0,asegurar_ganancia,False,False,False,False,6.2103,2.5764,38.7013,53.6232,-0.6494,0.801,34.6554,1.3581
actual_eod,in_sample,MVST,2024-07-26,2024-07-29,2024-08-01,13,0.4151,0.379,5.3962,21.9316,21.4227,0.04,-0.5089,-9.4313,-1.1789,-1.0862,0.3819,0.4815,0.0,-1.3578,3,stop,False,False,False,False,8.2942,1.929,50.0083,49.7942,7.0886,0.1174,13.4596,1.7194
actual_eod,in_sample,NOK,2024-08-02,2024-08-05,2024-08-08,1,3.6281,3.651,3.6281,21.4227,21.4055,0.04,-0.0171,-0.4725,-0.0591,0.0788,3.3378,4.2086,0.2562,-0.1768,3,asegurar_ganancia,False,False,False,False,2.7295,5.8618,37.7288,47.9239,0.2604,1.2502,9.7725,0.6304
actual_eod,in_sample,CLOV,2024-08-09,2024-08-12,2024-08-12,2,1.8665,1.8635,3.733,21.4055,21.3694,0.03,-0.0361,-0.9673,-0.1209,-0.0205,1.7172,2.1652,0.0903,-0.1775,0,asegurar_ganancia,False,False,False,False,8.6793,1.8435,53.0166,57.0866,11.3772,0.8898,40.8317,6.9119
actual_eod,in_sample,GRAB,2024-08-13,2024-08-14,2024-08-15,1,3.4019,3.1188,3.4019,21.3694,21.0463,0.04,-0.3231,-9.4978,-1.1872,-1.0402,3.1297,3.9462,0.1401,-1.1827,1,stop,False,False,False,False,2.7674,5.7816,49.6834,51.2195,6.3091,0.86,69.2274,1.9667
actual_eod,out_of_sample,SPCE,2025-12-03,2025-12-04,2025-12-04,1,4.2649,4.4743,4.2649,21.76,21.9394,0.03,0.1794,4.2067,0.5258,0.6138,3.9237,4.9473,0.6745,-0.2488,0,asegurar_ganancia,False,False,False,False,6.6289,2.4137,61.0,67.1361,23.9316,1.4036,17.114,19.9669
actual_eod,out_of_sample,PLUG,2025-12-05,2025-12-08,2025-12-10,2,2.2177,2.2521,4.4355,21.9394,21.9681,0.04,0.0287,0.6473,0.0809,0.1936,2.0403,2.5726,0.52,-0.72,2,asegurar_ganancia,False,False,False,False,8.3096,1.9255,48.1074,47.6636,9.4527,0.7927,30.4703,0.4566
actual_eod,out_of_sample,BB,2025-12-11,2025-12-12,2025-12-16,1,4.3652,4.3746,4.3652,21.9681,21.9375,0.04,-0.0306,-0.7008,-0.0876,0.0269,4.016,5.0637,0.2428,-0.4731,4,asegurar_ganancia,False,False,False,False,2.8963,5.5244,41.668,62.5,2.3529,0.5523,44.041,3.2273
actual_eod,out_of_sample,RXRX,2025-12-17,2025-12-18,2025-12-19,1,4.7767,4.3791,4.7767,21.9375,21.5,0.04,-0.4375,-9.1594,-1.1449,-1.0402,4.3945,5.5409,0.4798,-1.3782,1,stop,False,False,False,False,6.6065,2.4218,52.1132,55.2941,-1.8868,2.918,32.1447,5.0387
actual_eod,out_of_sample,SPCE,2025-12-22,2025-12-23,2025-12-24,1,3.7832,3.4684,3.7832,21.5,21.1452,0.04,-0.3548,-9.3793,-1.1724,-1.0402,3.4805,4.3885,0.0489,-1.6791,1,stop,False,False,False,False,9.6347,1.6607,66.7143,46.8944,22.5166,2.2287,22.997,0.2438
actual_eod,out_of_sample,CAN,2026-01-16,2026-01-20,2026-01-26,4,0.7657,0.6992,3.0628,21.1452,20.839,0.04,-0.3062,-9.996,-1.2495,-1.0862,0.7044,0.8882,0.2334,-1.0725,6,stop,False,False,False,False,8.5822,1.8643,42.0929,52.4291,-0.1266,2.0661,21.8852,-0.636
simetrica,in_sample,WULF,2024-03-21,2024-03-22,2024-03-25,2,2.3281,2.6912,4.6562,21.76,22.4461,0.04,0.6861,14.7349,1.8419,1.9492,2.1419,2.7006,2.7484,-0.4731,3,take_profit,False,False,False,False,10.4008,1.5383,63.1459,59.0164,42.515,1.745,13.4644,22.0826
simetrica,in_sample,MVST,2024-03-26,2024-03-27,2024-04-01,6,0.8614,0.8468,5.1685,22.4461,22.3184,0.04,-0.1277,-2.4701,-0.3088,-0.212,0.7925,0.9992,1.2565,-0.8766,5,stop_trailing,False,False,False,False,9.6188,1.6634,69.0,57.8467,32.9114,1.9247,38.0369,17.3758
simetrica,in_sample,HL,2024-04-02,2024-04-03,2024-04-10,1,4.9938,5.1884,4.9938,22.3184,22.473,0.04,0.1546,3.0959,0.387,0.4871,4.5943,5.7928,1.9663,-0.2173,7,stop_trailing,False,False,False,False,4.2679,3.7489,49.444,71.7391,18.0751,1.2499,61.4477,16.1979
simetrica,in_sample,GRAB,2024-04-11,2024-04-12,2024-04-17,1,3.3617,3.1988,3.3617,22.473,22.2701,0.04,-0.203,-6.0374,-0.7547,-0.6059,3.0928,3.8996,0.1423,-0.6013,5,eod_risk_cut,False,False,False,False,2.5816,6.1977,55.0803,60.9375,7.2785,1.5839,11.5884,5.3777
simetrica,in_sample,NOK,2024-04-18,2024-04-19,2024-05-14,1,3.3156,3.8326,3.3156,22.2701,22.7471,0.04,0.477,14.3876,1.7984,1.9492,3.0504,3.8461,2.0255,-0.0793,25,take_profit,False,False,False,False,2.3047,6.9424,44.4808,42.3728,0.8772,1.3393,24.3167,-0.748
simetrica,in_sample,BBAI,2024-05-15,2024-05-16,2024-05-16,3,1.6859,1.5456,5.0576,22.7471,22.2962,0.03,-0.4509,-8.9152,-1.1144,-1.0402,1.551,1.9556,0.1788,-1.1558,0,stop,False,False,False,False,7.5416,2.1216,63.0995,50.9615,12.7517,1.4188,9.0019,5.4614
simetrica,in_sample,AMC,2024-05-17,2024-05-20,2024-05-21,1,4.3652,5.051,4.3652,22.2962,22.942,0.04,0.6458,14.7937,1.8492,1.9638,4.016,5.0637,2.1327,-0.1295,1,take_profit,False,False,False,False,25.4937,0.6276,50.0,59.4483,51.2027,0.9883,35.3914,18.391
simetrica,in_sample,BTBT,2024-05-22,2024-05-23,2024-05-23,2,2.6191,2.4012,5.2383,22.942,22.4761,0.03,-0.4659,-8.8947,-1.1118,-1.0402,2.4096,3.0382,0.0519,-1.189,0,stop,False,False,False,False,7.0498,2.2696,49.4388,64.5833,8.4388,1.5453,18.5388,13.4908
simetrica,in_sample,BTBT,2024-05-24,2024-05-28,2024-05-31,2,2.5288,2.4125,5.0576,22.4761,22.2035,0.04,-0.2726,-5.3896,-0.6737,-0.5748,2.3265,2.9334,0.7967,-0.5873,3,stop_trailing,False,False,False,False,8.0359,1.9911,60.8823,57.0552,16.129,0.9319,18.519,10.4053
simetrica,in_sample,CLOV,2024-06-03,2024-06-04,2024-06-06,4,1.154,1.058,4.6161,22.2035,21.7793,0.04,-0.4242,-9.1885,-1.1486,-1.0402,1.0617,1.3387,0.2814,-1.1268,2,stop,False,False,False,False,7.7121,2.0747,53.3636,69.5455,17.0,0.52,50.6248,23.1644
simetrica,in_sample,CIFR,2024-06-07,2024-06-10,2024-06-11,1,4.004,3.9641,4.004,21.7793,21.6994,0.04,-0.0799,-1.9952,-0.2494,-0.1245,3.6836,4.6446,1.2988,-0.7616,1,stop_trailing,False,False,False,False,8.3132,1.9247,52.6789,55.2941,8.6253,1.8067,9.3242,2.9374
simetrica,in_sample,CIFR,2024-06-12,2024-06-13,2024-06-17,1,4.6462,4.6905,4.6462,21.6994,21.7037,0.04,0.0043,0.093,0.0116,0.1192,4.2745,5.3896,1.5706,-0.0705,4,stop_trailing,False,False,False,False,7.8021,2.0507,67.1188,61.2245,13.1188,2.0207,12.0134,14.1145
simetrica,in_sample,APLD,2024-06-18,2024-06-20,2024-06-20,1,5.223,6.0436,5.223,21.7037,22.4943,0.03,0.7905,15.1356,1.892,1.9638,4.8052,6.0587,2.3022,-0.079,0,take_profit,False,False,False,False,8.8865,1.8005,56.0,60.7792,24.6377,1.8861,24.6189,15.6562
simetrica,in_sample,CLOV,2024-06-21,2024-06-24,2024-06-24,4,1.3246,1.2656,5.2985,22.4943,22.228,0.03,-0.2663,-5.0252,-0.6282,-0.5574,1.2187,1.5366,0.1451,-0.7042,0,eod_risk_cut,False,False,False,False,8.1155,1.9715,69.0,59.3985,21.3592,4.0125,22.639,15.8749
simetrica,in_sample,BTBT,2024-06-25,2024-06-26,2024-06-27,1,3.4219,3.3183,3.4219,22.228,22.0844,0.04,-0.1436,-4.1962,-0.5245,-0.3784,3.1482,3.9694,1.0157,-0.5915,1,stop_trailing,False,False,False,False,8.3286,1.9211,69.0,62.6327,18.7063,4.3682,24.2159,25.3809
simetrica,in_sample,BBAI,2024-06-28,2024-07-01,2024-07-05,3,1.4952,1.425,4.4856,22.0844,21.8338,0.04,-0.2507,-5.5881,-0.6985,-0.587,1.3756,1.7344,0.04,-0.796,4,eod_risk_cut,False,False,False,False,5.5463,2.8848,62.3423,55.2239,17.0543,2.3983,29.5856,9.1435
simetrica,in_sample,BTBT,2024-07-08,2024-07-09,2024-07-09,1,3.9337,3.6064,3.9337,21.8338,21.4764,0.03,-0.3574,-9.0846,-1.1356,-1.0402,3.619,4.5631,0.0,-1.3782,0,stop,False,False,False,False,8.8938,1.799,58.6022,69.1638,18.5535,2.021,31.782,25.0933
simetrica,in_sample,BBD,2024-07-10,2024-07-11,2024-07-18,2,2.0893,1.9614,4.1786,21.4764,21.1806,0.04,-0.2958,-7.0789,-0.8849,-0.7652,1.9221,2.4236,0.0,-0.724,7,eod_risk_cut,False,False,False,False,2.4295,6.5857,57.0206,59.8781,8.8654,1.9807,25.9661,3.7748
simetrica,in_sample,BBAI,2024-07-22,2024-07-23,2024-07-29,2,1.5053,1.415,3.0105,21.1806,20.9602,0.04,-0.2204,-7.3224,-0.9153,-0.7492,1.3848,1.7461,0.438,-0.7079,6,eod_risk_cut,False,False,False,False,6.1214,2.6138,37.5052,52.9412,-3.8462,0.6294,30.2837,0.8742
simetrica,out_of_sample,SPCE,2025-12-03,2025-12-04,2025-12-09,1,4.2649,3.9711,4.2649,21.76,21.4262,0.04,-0.3338,-7.8273,-0.9784,-0.8612,3.9237,4.9473,0.8943,-1.9487,5,stop_trailing_gap,True,False,False,False,6.6289,2.4137,61.0,67.1361,23.9316,1.4036,17.114,19.9669
simetrica,out_of_sample,BB,2025-12-10,2025-12-11,2025-12-19,1,4.3853,4.0657,4.3853,21.4262,21.0666,0.04,-0.3596,-8.1996,-1.0249,-0.9109,4.0345,5.0869,0.1844,-0.5282,8,time_stop,False,False,False,False,3.0296,5.2812,44.1044,58.5107,4.7847,0.5832,49.4545,3.7669
simetrica_trend,in_sample,WULF,2024-03-21,2024-03-22,2024-03-25,2,2.3281,2.6912,4.6562,21.76,22.4461,0.04,0.6861,14.7349,1.8419,1.9492,2.1419,2.7006,2.7484,-0.4731,3,take_profit,False,False,False,False,10.4008,1.5383,63.1459,59.0164,42.515,1.745,13.4644,22.0826
simetrica_trend,in_sample,MVST,2024-03-26,2024-03-27,2024-04-01,6,0.8614,0.8468,5.1685,22.4461,22.3184,0.04,-0.1277,-2.4701,-0.3088,-0.212,0.7925,0.9992,1.2565,-0.8766,5,stop_trailing,False,False,False,False,9.6188,1.6634,69.0,57.8467,32.9114,1.9247,38.0369,17.3758
simetrica_trend,in_sample,HL,2024-04-02,2024-04-03,2024-04-10,1,4.9938,5.1884,4.9938,22.3184,22.473,0.04,0.1546,3.0959,0.387,0.4871,4.5943,5.7928,1.9663,-0.2173,7,stop_trailing,False,False,False,False,4.2679,3.7489,49.444,71.7391,18.0751,1.2499,61.4477,16.1979
simetrica_trend,in_sample,GRAB,2024-04-11,2024-04-12,2024-04-17,1,3.3617,3.1988,3.3617,22.473,22.2701,0.04,-0.203,-6.0374,-0.7547,-0.6059,3.0928,3.8996,0.1423,-0.6013,5,eod_risk_cut,False,False,False,False,2.5816,6.1977,55.0803,60.9375,7.2785,1.5839,11.5884,5.3777
simetrica_trend,in_sample,GRAB,2024-04-18,2024-04-19,2024-07-18,1,3.432,3.3811,3.432,22.2701,22.1792,0.04,-0.0908,-2.647,-0.3309,-0.1852,3.1574,3.9811,1.2312,-0.4442,90,stop_trailing,False,False,False,False,2.9034,5.5108,43.6075,66.2338,0.0,2.1755,15.5696,4.4845
simetrica_trend,in_sample,BTBT,2024-07-19,2024-07-22,2024-07-24,1,4.0431,3.8565,4.0431,22.1792,21.9526,0.04,-0.2266,-5.6058,-0.7007,-0.5771,3.7197,4.69,0.3923,-0.7516,2,eod_risk_cut,False,False,False,False,8.7875,1.8208,48.363,61.8729,2.3684,0.8082,37.1744,11.4055
simetrica_trend,in_sample,NOK,2024-07-25,2024-07-26,2024-08-06,1,3.7154,3.5835,3.7154,21.9526,21.7807,0.04,-0.1719,-4.6262,-0.5783,-0.4437,3.4182,4.3099,0.5743,-0.4014,11,time_stop,False,False,False,False,2.5841,6.1918,51.0738,48.0425,6.7142,0.9721,30.1361,0.7358
simetrica_trend,in_sample,BBD,2024-08-06,2024-08-07,2024-09-20,2,2.2767,2.3254,4.5535,21.7807,21.8381,0.04,0.0574,1.2612,0.1577,0.2675,2.0946,2.641,1.7359,-0.4764,44,stop_trailing,False,False,False,False,2.6169,6.1141,55.3682,65.0349,12.7657,2.1852,36.5662,9.494
simetrica_trend,in_sample,BTBT,2024-09-23,2024-09-24,2024-09-30,1,3.4922,3.4574,3.4922,21.8381,21.7633,0.04,-0.0748,-2.1426,-0.2678,-0.1246,3.2128,4.0509,1.2987,-0.6163,6,stop_trailing,False,False,False,False,7.5311,2.1245,63.0,64.3193,30.303,1.1068,40.3838,15.0887
simetrica_trend,in_sample,ABEV,2024-10-01,2024-10-02,2024-10-07,2,2.3284,2.1938,4.6567,21.7633,21.4541,0.04,-0.3092,-6.6389,-0.8299,-0.7225,2.1421,2.7009,0.0545,-0.7302,5,eod_risk_cut,False,False,False,False,2.2979,6.9628,47.7552,70.7317,7.2962,1.6894,19.9265,6.1571
simetrica_trend,in_sample,CLOV,2024-10-08,2024-10-09,2024-10-17,1,3.8735,4.4775,3.8735,21.4541,22.0182,0.04,0.564,14.5613,1.8202,1.9492,3.5636,4.4933,2.6994,-0.2695,8,take_profit,False,False,False,False,7.0921,2.256,48.897,68.2692,35.2518,0.7248,36.5724,20.0894
simetrica_trend,in_sample,BTBT,2024-10-18,2024-10-21,2024-10-21,1,4.1143,3.772,4.1143,22.0182,21.6458,0.03,-0.3724,-9.0512,-1.1314,-1.0402,3.7852,4.7726,0.0779,-1.0067,0,stop,False,False,False,False,6.0051,2.6644,59.3814,64.2105,28.1646,1.3133,15.7565,17.9039
simetrica_trend,in_sample,ACHR,2024-10-22,2024-10-23,2024-10-23,1,3.4019,3.1188,3.4019,21.6458,21.3327,0.03,-0.3131,-9.2039,-1.1505,-1.0402,3.1297,3.9462,0.3238,-1.1459,0,stop,False,False,False,False,4.844,3.3031,59.9525,53.6765,6.1093,2.1183,19.0179,7.597
simetrica_trend,in_sample,CAN,2024-10-24,2024-10-25,2024-10-25,4,1.0236,0.9637,4.0943,21.3327,21.0633,0.03,-0.2694,-6.5802,-0.8225,-0.7309,0.9417,1.1873,0.0,-0.6542,0,eod_risk_cut,False,False,False,False,5.2128,3.0693,51.8492,48.9083,6.6946,0.9468,14.8135,2.2454
simetrica_trend,out_of_sample,SPCE,2025-12-03,2025-12-04,2025-12-09,1,4.2649,3.9711,4.2649,21.76,21.4262,0.04,-0.3338,-7.8273,-0.9784,-0.8612,3.9237,4.9473,0.8943,-1.9487,5,stop_trailing_gap,True,False,False,False,6.6289,2.4137,61.0,67.1361,23.9316,1.4036,17.114,19.9669
simetrica_trend,out_of_sample,BB,2025-12-10,2025-12-11,2025-12-19,1,4.3853,4.0657,4.3853,21.4262,21.0666,0.04,-0.3596,-8.1996,-1.0249,-0.9109,4.0345,5.0869,0.1844,-0.5282,8,time_stop,False,False,False,False,3.0296,5.2812,44.1044,58.5107,4.7847,0.5832,49.4545,3.7669
cooldown_1d,in_sample,WULF,2024-03-21,2024-03-22,2024-03-25,2,2.3281,2.6912,4.6562,21.76,22.4461,0.04,0.6861,14.7349,1.8419,1.9492,2.1419,2.7006,2.7484,-0.4731,3,take_profit,False,False,False,False,10.4008,1.5383,63.1459,59.0164,42.515,1.745,13.4644,22.0826
cooldown_1d,in_sample,MVST,2024-03-26,2024-03-27,2024-04-01,6,0.8614,0.8468,5.1685,22.4461,22.3184,0.04,-0.1277,-2.4701,-0.3088,-0.212,0.7925,0.9992,1.2565,-0.8766,5,stop_trailing,False,False,False,False,9.6188,1.6634,69.0,57.8467,32.9114,1.9247,38.0369,17.3758
cooldown_1d,in_sample,HL,2024-04-02,2024-04-03,2024-04-10,1,4.9938,5.1884,4.9938,22.3184,22.473,0.04,0.1546,3.0959,0.387,0.4871,4.5943,5.7928,1.9663,-0.2173,7,stop_trailing,False,False,False,False,4.2679,3.7489,49.444,71.7391,18.0751,1.2499,61.4477,16.1979
cooldown_1d,in_sample,GRAB,2024-04-11,2024-04-12,2024-04-17,1,3.3617,3.1988,3.3617,22.473,22.2701,0.04,-0.203,-6.0374,-0.7547,-0.6059,3.0928,3.8996,0.1423,-0.6013,5,eod_risk_cut,False,False,False,False,2.5816,6.1977,55.0803,60.9375,7.2785,1.5839,11.5884,5.3777
cooldown_1d,in_sample,GRAB,2024-04-18,2024-04-19,2024-07-18,1,3.432,3.3811,3.432,22.2701,22.1792,0.04,-0.0908,-2.647,-0.3309,-0.1852,3.1574,3.9811,1.2312,-0.4442,90,stop_trailing,False,False,False,False,2.9034,5.5108,43.6075,66.2338,0.0,2.1755,15.5696,4.4845
cooldown_1d,in_sample,BTBT,2024-07-19,2024-07-22,2024-07-24,1,4.0431,3.8565,4.0431,22.1792,21.9526,0.04,-0.2266,-5.6058,-0.7007,-0.5771,3.7197,4.69,0.3923,-0.7516,2,eod_risk_cut,False,False,False,False,8.7875,1.8208,48.363,61.8729,2.3684,0.8082,37.1744,11.4055
cooldown_1d,in_sample,NOK,2024-07-25,2024-07-26,2024-08-06,1,3.7154,3.5835,3.7154,21.9526,21.7807,0.04,-0.1719,-4.6262,-0.5783,-0.4437,3.4182,4.3099,0.5743,-0.4014,11,time_stop,False,False,False,False,2.5841,6.1918,51.0738,48.0425,6.7142,0.9721,30.1361,0.7358
cooldown_1d,in_sample,BBD,2024-08-06,2024-08-07,2024-09-20,2,2.2767,2.3254,4.5535,21.7807,21.8381,0.04,0.0574,1.2612,0.1577,0.2675,2.0946,2.641,1.7359,-0.4764,44,stop_trailing,False,False,False,False,2.6169,6.1141,55.3682,65.0349,12.7657,2.1852,36.5662,9.494
cooldown_1d,in_sample,BTBT,2024-09-23,2024-09-24,2024-09-30,1,3.4922,3.4574,3.4922,21.8381,21.7633,0.04,-0.0748,-2.1426,-0.2678,-0.1246,3.2128,4.0509,1.2987,-0.6163,6,stop_trailing,False,False,False,False,7.5311,2.1245,63.0,64.3193,30.303,1.1068,40.3838,15.0887
cooldown_1d,in_sample,ABEV,2024-10-01,2024-10-02,2024-10-07,2,2.3284,2.1938,4.6567,21.7633,21.4541,0.04,-0.3092,-6.6389,-0.8299,-0.7225,2.1421,2.7009,0.0545,-0.7302,5,eod_risk_cut,False,False,False,False,2.2979,6.9628,47.7552,70.7317,7.2962,1.6894,19.9265,6.1571
cooldown_1d,in_sample,CLOV,2024-10-08,2024-10-09,2024-10-17,1,3.8735,4.4775,3.8735,21.4541,22.0182,0.04,0.564,14.5613,1.8202,1.9492,3.5636,4.4933,2.6994,-0.2695,8,take_profit,False,False,False,False,7.0921,2.256,48.897,68.2692,35.2518,0.7248,36.5724,20.0894
cooldown_1d,in_sample,BTBT,2024-10-18,2024-10-21,2024-10-21,1,4.1143,3.772,4.1143,22.0182,21.6458,0.03,-0.3724,-9.0512,-1.1314,-1.0402,3.7852,4.7726,0.0779,-1.0067,0,stop,False,False,False,False,6.0051,2.6644,59.3814,64.2105,28.1646,1.3133,15.7565,17.9039
cooldown_1d,in_sample,ACHR,2024-10-22,2024-10-23,2024-10-23,1,3.4019,3.1188,3.4019,21.6458,21.3327,0.03,-0.3131,-9.2039,-1.1505,-1.0402,3.1297,3.9462,0.3238,-1.1459,0,stop,False,False,False,False,4.844,3.3031,59.9525,53.6765,6.1093,2.1183,19.0179,7.597
cooldown_1d,in_sample,CAN,2024-10-24,2024-10-25,2024-10-25,4,1.0236,0.9637,4.0943,21.3327,21.0633,0.03,-0.2694,-6.5802,-0.8225,-0.7309,0.9417,1.1873,0.0,-0.6542,0,eod_risk_cut,False,False,False,False,5.2128,3.0693,51.8492,48.9083,6.6946,0.9468,14.8135,2.2454
cooldown_1d,out_of_sample,SPCE,2025-12-03,2025-12-04,2025-12-09,1,4.2649,3.9711,4.2649,21.76,21.4262,0.04,-0.3338,-7.8273,-0.9784,-0.8612,3.9237,4.9473,0.8943,-1.9487,5,stop_trailing_gap,True,False,False,False,6.6289,2.4137,61.0,67.1361,23.9316,1.4036,17.114,19.9669
cooldown_1d,out_of_sample,BB,2025-12-10,2025-12-11,2025-12-19,1,4.3853,4.0657,4.3853,21.4262,21.0666,0.04,-0.3596,-8.1996,-1.0249,-0.9109,4.0345,5.0869,0.1844,-0.5282,8,time_stop,False,False,False,False,3.0296,5.2812,44.1044,58.5107,4.7847,0.5832,49.4545,3.7669
cooldown_5d,in_sample,WULF,2024-03-21,2024-03-22,2024-03-25,2,2.3281,2.6912,4.6562,21.76,22.4461,0.04,0.6861,14.7349,1.8419,1.9492,2.1419,2.7006,2.7484,-0.4731,3,take_profit,False,False,False,False,10.4008,1.5383,63.1459,59.0164,42.515,1.745,13.4644,22.0826
cooldown_5d,in_sample,MVST,2024-03-26,2024-03-27,2024-04-01,6,0.8614,0.8468,5.1685,22.4461,22.3184,0.04,-0.1277,-2.4701,-0.3088,-0.212,0.7925,0.9992,1.2565,-0.8766,5,stop_trailing,False,False,False,False,9.6188,1.6634,69.0,57.8467,32.9114,1.9247,38.0369,17.3758
cooldown_5d,in_sample,HL,2024-04-02,2024-04-03,2024-04-10,1,4.9938,5.1884,4.9938,22.3184,22.473,0.04,0.1546,3.0959,0.387,0.4871,4.5943,5.7928,1.9663,-0.2173,7,stop_trailing,False,False,False,False,4.2679,3.7489,49.444,71.7391,18.0751,1.2499,61.4477,16.1979
cooldown_5d,in_sample,GRAB,2024-04-11,2024-04-12,2024-04-17,1,3.3617,3.1988,3.3617,22.473,22.2701,0.04,-0.203,-6.0374,-0.7547,-0.6059,3.0928,3.8996,0.1423,-0.6013,5,eod_risk_cut,False,False,False,False,2.5816,6.1977,55.0803,60.9375,7.2785,1.5839,11.5884,5.3777
cooldown_5d,in_sample,GRAB,2024-04-18,2024-04-19,2024-07-18,1,3.432,3.3811,3.432,22.2701,22.1792,0.04,-0.0908,-2.647,-0.3309,-0.1852,3.1574,3.9811,1.2312,-0.4442,90,stop_trailing,False,False,False,False,2.9034,5.5108,43.6075,66.2338,0.0,2.1755,15.5696,4.4845
cooldown_5d,in_sample,BTBT,2024-07-19,2024-07-22,2024-07-24,1,4.0431,3.8565,4.0431,22.1792,21.9526,0.04,-0.2266,-5.6058,-0.7007,-0.5771,3.7197,4.69,0.3923,-0.7516,2,eod_risk_cut,False,False,False,False,8.7875,1.8208,48.363,61.8729,2.3684,0.8082,37.1744,11.4055
cooldown_5d,in_sample,NOK,2024-07-25,2024-07-26,2024-08-06,1,3.7154,3.5835,3.7154,21.9526,21.7807,0.04,-0.1719,-4.6262,-0.5783,-0.4437,3.4182,4.3099,0.5743,-0.4014,11,time_stop,False,False,False,False,2.5841,6.1918,51.0738,48.0425,6.7142,0.9721,30.1361,0.7358
cooldown_5d,in_sample,BBD,2024-08-06,2024-08-07,2024-09-20,2,2.2767,2.3254,4.5535,21.7807,21.8381,0.04,0.0574,1.2612,0.1577,0.2675,2.0946,2.641,1.7359,-0.4764,44,stop_trailing,False,False,False,False,2.6169,6.1141,55.3682,65.0349,12.7657,2.1852,36.5662,9.494
cooldown_5d,in_sample,BTBT,2024-09-23,2024-09-24,2024-09-30,1,3.4922,3.4574,3.4922,21.8381,21.7633,0.04,-0.0748,-2.1426,-0.2678,-0.1246,3.2128,4.0509,1.2987,-0.6163,6,stop_trailing,False,False,False,False,7.5311,2.1245,63.0,64.3193,30.303,1.1068,40.3838,15.0887
cooldown_5d,in_sample,ABEV,2024-10-01,2024-10-02,2024-10-07,2,2.3284,2.1938,4.6567,21.7633,21.4541,0.04,-0.3092,-6.6389,-0.8299,-0.7225,2.1421,2.7009,0.0545,-0.7302,5,eod_risk_cut,False,False,False,False,2.2979,6.9628,47.7552,70.7317,7.2962,1.6894,19.9265,6.1571
cooldown_5d,in_sample,CLOV,2024-10-08,2024-10-09,2024-10-17,1,3.8735,4.4775,3.8735,21.4541,22.0182,0.04,0.564,14.5613,1.8202,1.9492,3.5636,4.4933,2.6994,-0.2695,8,take_profit,False,False,False,False,7.0921,2.256,48.897,68.2692,35.2518,0.7248,36.5724,20.0894
cooldown_5d,in_sample,BTBT,2024-10-18,2024-10-21,2024-10-21,1,4.1143,3.772,4.1143,22.0182,21.6458,0.03,-0.3724,-9.0512,-1.1314,-1.0402,3.7852,4.7726,0.0779,-1.0067,0,stop,False,False,False,False,6.0051,2.6644,59.3814,64.2105,28.1646,1.3133,15.7565,17.9039
cooldown_5d,in_sample,ACHR,2024-10-22,2024-10-23,2024-10-23,1,3.4019,3.1188,3.4019,21.6458,21.3327,0.03,-0.3131,-9.2039,-1.1505,-1.0402,3.1297,3.9462,0.3238,-1.1459,0,stop,False,False,False,False,4.844,3.3031,59.9525,53.6765,6.1093,2.1183,19.0179,7.597
cooldown_5d,in_sample,CAN,2024-10-24,2024-10-25,2024-10-25,4,1.0236,0.9637,4.0943,21.3327,21.0633,0.03,-0.2694,-6.5802,-0.8225,-0.7309,0.9417,1.1873,0.0,-0.6542,0,eod_risk_cut,False,False,False,False,5.2128,3.0693,51.8492,48.9083,6.6946,0.9468,14.8135,2.2454
cooldown_5d,out_of_sample,SPCE,2025-12-03,2025-12-04,2025-12-09,1,4.2649,3.9711,4.2649,21.76,21.4262,0.04,-0.3338,-7.8273,-0.9784,-0.8612,3.9237,4.9473,0.8943,-1.9487,5,stop_trailing_gap,True,False,False,False,6.6289,2.4137,61.0,67.1361,23.9316,1.4036,17.114,19.9669
cooldown_5d,out_of_sample,BB,2025-12-10,2025-12-11,2025-12-19,1,4.3853,4.0657,4.3853,21.4262,21.0666,0.04,-0.3596,-8.1996,-1.0249,-0.9109,4.0345,5.0869,0.1844,-0.5282,8,time_stop,False,False,False,False,3.0296,5.2812,44.1044,58.5107,4.7847,0.5832,49.4545,3.7669
